{"cameraMode":{"drawMode":0,"name":"Shaded","section":"Shading Mode"},"sceneLighting":false,"audioPlay":false,"sceneViewState":{"m_AlwaysRefresh":false,"showFog":true,"showSkybox":false,"showFlares":true,"showImageEffects":false,"showParticleSystems":true,"showVisualEffectGraphs":true,"m_FxEnabled":true},"in2DMode":false,"pivot":{"x":-7.519272804260254,"y":3.8399465084075929,"z":21.924898147583009},"rotation":{"x":0.10865966230630875,"y":-0.8682368993759155,"z":0.21973450481891633,"w":0.43270647525787356},"size":2.1214025020599367,"orthographic":false}